{
    "total_effect": -0.31200249606282254,
    "total_effect_p": 5.502987121154212e-13,
    "strongest_mediator": "v",
    "model_results": {
        "v": {
            "a_coef": -0.5803452743651782,
            "p_value_a": 7.040728262885032e-06,
            "b_coef": 0.059519252957339105,
            "p_value_b": 0.007629222632836711,
            "direct_effect": -0.2774607788752854,
            "p_value_c": 3.080965505002287e-10,
            "indirect_effect": -0.03454171718753741,
            "proportion": 11.070974631107548,
            "ci_lower": -0.06842331123682566,
            "ci_upper": -0.007677283412566203,
            "p_value_indirect": 0.0108
        },
        "a": {
            "a_coef": 0.04203970518794833,
            "p_value_a": 0.0019914756103993785,
            "b_coef": -0.42949812038772556,
            "p_value_b": 0.04075240324285941,
            "direct_effect": -0.29394652170294505,
            "p_value_c": 1.5383581599615864e-11,
            "indirect_effect": -0.01805597435987792,
            "proportion": 5.787124971026611,
            "ci_lower": -0.040599602645307147,
            "ci_upper": 0.0012111219662224615,
            "p_value_indirect": 0.0672
        },
        "t": {
            "a_coef": 0.15898998385211208,
            "p_value_a": 0.0004015698728002156,
            "b_coef": -0.2056982532047902,
            "p_value_b": 0.0011516224872648538,
            "direct_effect": -0.27929853410738525,
            "p_value_c": 8.601796531129844e-11,
            "indirect_effect": -0.032703961955437254,
            "proportion": 10.48195523052874,
            "ci_lower": -0.06147262008567208,
            "ci_upper": -0.01013568550105796,
            "p_value_indirect": 0.0016
        },
        "z": {
            "a_coef": -0.013989942698919965,
            "p_value_a": 1.889956694923804e-09,
            "b_coef": -0.4180966096706261,
            "p_value_b": 0.7425723458610418,
            "direct_effect": -0.31785164367472307,
            "p_value_c": 1.3193700632176588e-11,
            "indirect_effect": 0.005849147611904766,
            "proportion": -1.8747118006155388,
            "ci_lower": -0.03363066443237019,
            "ci_upper": 0.043934444215416396,
            "p_value_indirect": 0.7764
        }
    },
    "indirect_effects": {
        "v": -0.03454171718753741,
        "a": -0.01805597435987792,
        "t": -0.032703961955437254,
        "z": 0.005849147611904766
    },
    "direct_effects": {
        "v": -0.2774607788752854,
        "a": -0.29394652170294505,
        "t": -0.27929853410738525,
        "z": -0.31785164367472307
    },
    "proportion_mediated": {
        "v": 11.070974631107548,
        "a": 5.787124971026611,
        "t": 10.48195523052874,
        "z": -1.8747118006155388
    },
    "parallel_results": {
        "v": {
            "lower": -0.06842331123682566,
            "upper": -0.007677283412566203,
            "p_value": 0.0108
        },
        "a": {
            "lower": -0.040599602645307147,
            "upper": 0.0012111219662224615,
            "p_value": 0.0672
        },
        "t": {
            "lower": -0.06147262008567208,
            "upper": -0.01013568550105796,
            "p_value": 0.0016
        },
        "z": {
            "lower": -0.03363066443237019,
            "upper": 0.043934444215416396,
            "p_value": 0.7764
        },
        "total": {
            "lower": -0.1507787515830714,
            "upper": -0.013631371178338687,
            "p_value": 0.0176
        },
        "v_vs_a": {
            "diff_p_value": 0.298,
            "mean_diff": -0.017410619755885478
        },
        "v_vs_t": {
            "diff_p_value": 0.9196,
            "mean_diff": -0.0018819389553425174
        },
        "v_vs_z": {
            "diff_p_value": 0.0576,
            "mean_diff": -0.039888722932477
        },
        "a_vs_t": {
            "diff_p_value": 0.3812,
            "mean_diff": 0.015528680800542963
        },
        "a_vs_z": {
            "diff_p_value": 0.2804,
            "mean_diff": -0.022478103176591525
        },
        "t_vs_z": {
            "diff_p_value": 0.0964,
            "mean_diff": -0.03800678397713449
        }
    }
}