{
    "total_effect": 134.01146131005092,
    "total_effect_p": 1.7539958157522234e-08,
    "strongest_mediator": "t",
    "model_results": {
        "v": {
            "a_coef": -0.5803452743651782,
            "p_value_a": 7.040728262885032e-06,
            "b_coef": -70.8508583377508,
            "p_value_b": 6.052285495851582e-09,
            "direct_effect": 92.89350048902048,
            "p_value_c": 4.059008781434916e-05,
            "indirect_effect": 41.11796082103036,
            "proportion": 30.682421054941884,
            "ci_lower": 23.092617149395387,
            "ci_upper": 62.7741364091694,
            "p_value_indirect": 0.0
        },
        "a": {
            "a_coef": 0.04203970518794833,
            "p_value_a": 0.0019914756103993785,
            "b_coef": 917.5566898524497,
            "p_value_b": 5.191149549267417e-17,
            "direct_effect": 95.43764857542445,
            "p_value_c": 2.608575119987318e-06,
            "indirect_effect": 38.57381273462673,
            "proportion": 28.783965459030235,
            "ci_lower": 13.808457179898955,
            "ci_upper": 66.32962312522399,
            "p_value_indirect": 0.0016
        },
        "t": {
            "a_coef": 0.15898998385211208,
            "p_value_a": 0.0004015698728002156,
            "b_coef": 361.30372333453585,
            "p_value_b": 1.144802011656294e-31,
            "direct_effect": 76.56778817138499,
            "p_value_c": 9.803461500333748e-06,
            "indirect_effect": 57.44367313866582,
            "proportion": 42.86474647549979,
            "ci_lower": 27.51491481062702,
            "ci_upper": 92.53065082705263,
            "p_value_indirect": 0.0
        },
        "z": {
            "a_coef": -0.013989942698919965,
            "p_value_a": 1.889956694923804e-09,
            "b_coef": -333.40820205574107,
            "p_value_b": 0.6423007450111853,
            "direct_effect": 129.3470996679432,
            "p_value_c": 5.377787936003109e-07,
            "indirect_effect": 4.664361642109747,
            "proportion": 3.4805691964795535,
            "ci_lower": -15.790720378559941,
            "ci_upper": 26.516864380320023,
            "p_value_indirect": 0.6552
        }
    },
    "indirect_effects": {
        "v": 41.11796082103036,
        "a": 38.57381273462673,
        "t": 57.44367313866582,
        "z": 4.664361642109747
    },
    "direct_effects": {
        "v": 92.89350048902048,
        "a": 95.43764857542445,
        "t": 76.56778817138499,
        "z": 129.3470996679432
    },
    "proportion_mediated": {
        "v": 30.682421054941884,
        "a": 28.783965459030235,
        "t": 42.86474647549979,
        "z": 3.4805691964795535
    },
    "parallel_results": {
        "v": {
            "lower": 23.092617149395387,
            "upper": 62.7741364091694,
            "p_value": 0.0
        },
        "a": {
            "lower": 13.808457179898955,
            "upper": 66.32962312522399,
            "p_value": 0.0016
        },
        "t": {
            "lower": 27.51491481062702,
            "upper": 92.53065082705263,
            "p_value": 0.0
        },
        "z": {
            "lower": -15.790720378559941,
            "upper": 26.516864380320023,
            "p_value": 0.6552
        },
        "total": {
            "lower": 87.10018153905119,
            "upper": 201.12407262986417,
            "p_value": 0.0
        },
        "v_vs_a": {
            "diff_p_value": 0.864,
            "mean_diff": 2.552976743687572
        },
        "v_vs_t": {
            "diff_p_value": 0.3132,
            "mean_diff": -17.035619707750527
        },
        "v_vs_z": {
            "diff_p_value": 0.0056,
            "mean_diff": 36.3693667621659
        },
        "a_vs_t": {
            "diff_p_value": 0.356,
            "mean_diff": -19.588596451438097
        },
        "a_vs_z": {
            "diff_p_value": 0.0352,
            "mean_diff": 33.81639001847833
        },
        "t_vs_z": {
            "diff_p_value": 0.0052,
            "mean_diff": 53.404986469916416
        }
    }
}