{
    "total_effect": 4.111589721268389,
    "total_effect_p": 1.5245647219254946e-05,
    "strongest_mediator": "t",
    "model_results": {
        "v": {
            "a_coef": -0.009497687501598044,
            "p_value_a": 0.06714487126481472,
            "b_coef": -80.11644859999807,
            "p_value_b": 1.7303250057206506e-11,
            "direct_effect": 3.3506687287277037,
            "p_value_c": 9.16931671758339e-05,
            "indirect_effect": 0.7609209925406237,
            "proportion": 18.50673447801806,
            "ci_lower": 0.017891223432108933,
            "ci_upper": 1.5330478860194459,
            "p_value_indirect": 0.0428
        },
        "a": {
            "a_coef": 0.0015846321832108923,
            "p_value_a": 0.003094324733760071,
            "b_coef": 952.2475949347607,
            "p_value_b": 2.7636652351994607e-17,
            "direct_effect": 2.6026275359497015,
            "p_value_c": 0.001295260114904007,
            "indirect_effect": 1.5089621853187913,
            "proportion": 36.70021299822906,
            "ci_lower": 0.42099847412035796,
            "ci_upper": 2.7135717038586376,
            "p_value_indirect": 0.0044
        },
        "t": {
            "a_coef": 0.006901682586693013,
            "p_value_a": 8.964155930961753e-05,
            "b_coef": 373.81294567238126,
            "p_value_b": 2.781989391980739e-31,
            "direct_effect": 1.5316514234409342,
            "p_value_c": 0.02833469805314024,
            "indirect_effect": 2.579938297827495,
            "proportion": 62.7479508590562,
            "ci_lower": 1.0472319665216847,
            "ci_upper": 4.069867049792871,
            "p_value_indirect": 0.0012
        },
        "z": {
            "a_coef": -0.00025407580592294994,
            "p_value_a": 0.007407082292814636,
            "b_coef": -1312.2941942460413,
            "p_value_b": 0.056372782346582176,
            "direct_effect": 3.7781675162574087,
            "p_value_c": 7.952942122809062e-05,
            "indirect_effect": 0.33342220501107117,
            "proportion": 8.109325774562286,
            "ci_lower": -0.013140342811894789,
            "ci_upper": 0.9149703655072675,
            "p_value_indirect": 0.064
        }
    },
    "indirect_effects": {
        "v": 0.7609209925406237,
        "a": 1.5089621853187913,
        "t": 2.579938297827495,
        "z": 0.33342220501107117
    },
    "direct_effects": {
        "v": 3.3506687287277037,
        "a": 2.6026275359497015,
        "t": 1.5316514234409342,
        "z": 3.7781675162574087
    },
    "proportion_mediated": {
        "v": 18.50673447801806,
        "a": 36.70021299822906,
        "t": 62.7479508590562,
        "z": 8.109325774562286
    },
    "parallel_results": {
        "v": {
            "lower": 0.017891223432108933,
            "upper": 1.5330478860194459,
            "p_value": 0.0428
        },
        "a": {
            "lower": 0.42099847412035796,
            "upper": 2.7135717038586376,
            "p_value": 0.0044
        },
        "t": {
            "lower": 1.0472319665216847,
            "upper": 4.069867049792871,
            "p_value": 0.0012
        },
        "z": {
            "lower": -0.013140342811894789,
            "upper": 0.9149703655072675,
            "p_value": 0.064
        },
        "total": {
            "lower": 2.72486431140238,
            "upper": 7.721593311388274,
            "p_value": 0.0
        },
        "v_vs_a": {
            "diff_p_value": 0.2008,
            "mean_diff": -0.7517452207170066
        },
        "v_vs_t": {
            "diff_p_value": 0.0132,
            "mean_diff": -1.79434525288953
        },
        "v_vs_z": {
            "diff_p_value": 0.2792,
            "mean_diff": 0.4222318480447528
        },
        "a_vs_t": {
            "diff_p_value": 0.2712,
            "mean_diff": -1.0426000321725235
        },
        "a_vs_z": {
            "diff_p_value": 0.0364,
            "mean_diff": 1.173977068761759
        },
        "t_vs_z": {
            "diff_p_value": 0.0056,
            "mean_diff": 2.2165771009342823
        }
    }
}