{
    "total_effect": -0.2545903853101493,
    "total_effect_p": 7.097117092986987e-10,
    "strongest_mediator": "v",
    "model_results": {
        "v": {
            "a_coef": -0.5803452743651782,
            "p_value_a": 7.040728262885032e-06,
            "b_coef": 0.05932944497022329,
            "p_value_b": 0.006181551223148589,
            "direct_effect": -0.22015882229097147,
            "p_value_c": 1.7454006533397474e-07,
            "indirect_effect": -0.034431563019177984,
            "proportion": 13.524298247646888,
            "ci_lower": -0.06455215968116355,
            "ci_upper": -0.010746925675837923,
            "p_value_indirect": 0.0036
        },
        "a": {
            "a_coef": 0.04203970518794833,
            "p_value_a": 0.0019914756103993785,
            "b_coef": -0.4627869602454637,
            "p_value_b": 0.02312899868687784,
            "direct_effect": -0.23513495793660372,
            "p_value_c": 1.5152795124847013e-08,
            "indirect_effect": -0.019455427373546056,
            "proportion": 7.64185471884372,
            "ci_lower": -0.04372030640016679,
            "ci_upper": 0.0006328131309999774,
            "p_value_indirect": 0.0604
        },
        "t": {
            "a_coef": 0.15898998385211208,
            "p_value_a": 0.0004015698728002156,
            "b_coef": -0.15188682217668145,
            "p_value_b": 0.014036362037711293,
            "direct_effect": -0.23044190190493022,
            "p_value_c": 3.2226838917320915e-08,
            "indirect_effect": -0.024148483405219204,
            "proportion": 9.485229921703771,
            "ci_lower": -0.05236901245244126,
            "ci_upper": -0.002534128720483846,
            "p_value_indirect": 0.0256
        },
        "z": {
            "a_coef": -0.013989942698919965,
            "p_value_a": 1.889956694923804e-09,
            "b_coef": 0.6360465641218493,
            "p_value_b": 0.6070654950272107,
            "direct_effect": -0.24569213032423548,
            "p_value_c": 3.990207537839126e-08,
            "indirect_effect": -0.008898254985909597,
            "proportion": 3.4951260924757572,
            "ci_lower": -0.04824810054904753,
            "ci_upper": 0.030804549478204216,
            "p_value_indirect": 0.65
        }
    },
    "indirect_effects": {
        "v": -0.034431563019177984,
        "a": -0.019455427373546056,
        "t": -0.024148483405219204,
        "z": -0.008898254985909597
    },
    "direct_effects": {
        "v": -0.22015882229097147,
        "a": -0.23513495793660372,
        "t": -0.23044190190493022,
        "z": -0.24569213032423548
    },
    "proportion_mediated": {
        "v": 13.524298247646888,
        "a": 7.64185471884372,
        "t": 9.485229921703771,
        "z": 3.4951260924757572
    },
    "parallel_results": {
        "v": {
            "lower": -0.06455215968116355,
            "upper": -0.010746925675837923,
            "p_value": 0.0036
        },
        "a": {
            "lower": -0.04372030640016679,
            "upper": 0.0006328131309999774,
            "p_value": 0.0604
        },
        "t": {
            "lower": -0.05236901245244126,
            "upper": -0.002534128720483846,
            "p_value": 0.0256
        },
        "z": {
            "lower": -0.04824810054904753,
            "upper": 0.030804549478204216,
            "p_value": 0.65
        },
        "total": {
            "lower": -0.15508963703301473,
            "upper": -0.02099441286937943,
            "p_value": 0.01
        },
        "v_vs_a": {
            "diff_p_value": 0.322,
            "mean_diff": -0.015679833763908198
        },
        "v_vs_t": {
            "diff_p_value": 0.4656,
            "mean_diff": -0.010508595549133543
        },
        "v_vs_z": {
            "diff_p_value": 0.2304,
            "mean_diff": -0.025639826046981347
        },
        "a_vs_t": {
            "diff_p_value": 0.7712,
            "mean_diff": 0.005171238214774656
        },
        "a_vs_z": {
            "diff_p_value": 0.6464,
            "mean_diff": -0.009959992283073149
        },
        "t_vs_z": {
            "diff_p_value": 0.5008,
            "mean_diff": -0.015131230497847807
        }
    }
}