{
    "total_effect": -0.5489702366273788,
    "total_effect_p": 0.0009189030373077989,
    "strongest_mediator": "v",
    "model_results": {
        "v": {
            "a_coef": 0.15898998385211208,
            "p_value_a": 0.0004015698728002156,
            "b_coef": -0.7823815649366194,
            "p_value_b": 0.0021870393271291835,
            "direct_effect": -0.42457940425191576,
            "p_value_c": 0.010719950553358488,
            "indirect_effect": -0.12439083237546329,
            "proportion": 22.65893924225537,
            "ci_lower": -0.2454931922072102,
            "ci_upper": -0.03484578531044265,
            "p_value_indirect": 0.0016
        },
        "a": {
            "a_coef": -0.5803452743651782,
            "p_value_a": 7.040728262885032e-06,
            "b_coef": 0.0070645109900061825,
            "p_value_b": 0.9379054278391088,
            "direct_effect": -0.5448703810586281,
            "p_value_c": 0.0017558900582733585,
            "indirect_effect": -0.004099855568750955,
            "proportion": 0.7468265663979501,
            "ci_lower": -0.11493063095242913,
            "ci_upper": 0.0925882030310449,
            "p_value_indirect": 0.9228
        },
        "t": {
            "a_coef": 0.04203970518794833,
            "p_value_a": 0.0019914756103993785,
            "b_coef": -1.3599508221484236,
            "p_value_b": 0.10861786066397959,
            "direct_effect": -0.4917983049941521,
            "p_value_c": 0.0034928066758575784,
            "indirect_effect": -0.057171931633227674,
            "proportion": 10.41439550247128,
            "ci_lower": -0.1543485768282279,
            "ci_upper": 0.012079197183685829,
            "p_value_indirect": 0.1052
        },
        "z": {
            "a_coef": -0.013989942698919965,
            "p_value_a": 1.889956694923804e-09,
            "b_coef": -5.606510304308203,
            "p_value_b": 0.2737946432773086,
            "direct_effect": -0.6274049945255414,
            "p_value_c": 0.000527342373314065,
            "indirect_effect": 0.0784347578981761,
            "proportion": -14.287615733057454,
            "ci_lower": -0.06791242961710951,
            "ci_upper": 0.2418877891171104,
            "p_value_indirect": 0.29
        }
    },
    "indirect_effects": {
        "v": -0.12439083237546329,
        "a": -0.004099855568750955,
        "t": -0.057171931633227674,
        "z": 0.0784347578981761
    },
    "direct_effects": {
        "v": -0.42457940425191576,
        "a": -0.5448703810586281,
        "t": -0.4917983049941521,
        "z": -0.6274049945255414
    },
    "proportion_mediated": {
        "v": 22.65893924225537,
        "a": 0.7468265663979501,
        "t": 10.41439550247128,
        "z": -14.287615733057454
    },
    "parallel_results": {
        "v": {
            "lower": -0.2454931922072102,
            "upper": -0.03484578531044265,
            "p_value": 0.0016
        },
        "a": {
            "lower": -0.11493063095242913,
            "upper": 0.0925882030310449,
            "p_value": 0.9228
        },
        "t": {
            "lower": -0.1543485768282279,
            "upper": 0.012079197183685829,
            "p_value": 0.1052
        },
        "z": {
            "lower": -0.06791242961710951,
            "upper": 0.2418877891171104,
            "p_value": 0.29
        },
        "total": {
            "lower": -0.3868145424231641,
            "upper": 0.14206195260724766,
            "p_value": 0.3992
        },
        "v_vs_a": {
            "diff_p_value": 0.0572,
            "mean_diff": -0.12234727559199941
        },
        "v_vs_t": {
            "diff_p_value": 0.2956,
            "mean_diff": -0.07117132811282681
        },
        "v_vs_z": {
            "diff_p_value": 0.0176,
            "mean_diff": -0.20814339589883957
        },
        "a_vs_t": {
            "diff_p_value": 0.3784,
            "mean_diff": 0.051175947479172604
        },
        "a_vs_z": {
            "diff_p_value": 0.3024,
            "mean_diff": -0.08579612030684015
        },
        "t_vs_z": {
            "diff_p_value": 0.0996,
            "mean_diff": -0.13697206778601276
        }
    }
}